doc_id,skin_tone,coverage_level,coverage_fraction,skin_occlusion_ratio,font_size,num_paragraphs
doc_001,acik,0,0.0,0.0,14,2
doc_001,acik,1,0.2,0.20082689686506133,14,2
doc_001,acik,2,0.4,0.402771467514766,14,2
doc_001,acik,3,0.6,0.6022262607905498,14,2
doc_001,acik,4,0.8,0.8033075874602453,14,2
doc_001,acik,5,1.0,1.0,14,2
doc_001,orta,0,0.0,0.0,14,2
doc_001,orta,1,0.2,0.20082689686506133,14,2
doc_001,orta,2,0.4,0.402771467514766,14,2
doc_001,orta,3,0.6,0.6022262607905498,14,2
doc_001,orta,4,0.8,0.8033075874602453,14,2
doc_001,orta,5,1.0,1.0,14,2
doc_001,koyu,0,0.0,0.0,14,2
doc_001,koyu,1,0.2,0.20082689686506133,14,2
doc_001,koyu,2,0.4,0.402771467514766,14,2
doc_001,koyu,3,0.6,0.6022262607905498,14,2
doc_001,koyu,4,0.8,0.8033075874602453,14,2
doc_001,koyu,5,1.0,1.0,14,2
doc_002,acik,0,0.0,0.0,14,2
doc_002,acik,1,0.2,0.20073706487630447,14,2
doc_002,acik,2,0.4,0.4022841713493396,14,2
doc_002,acik,3,0.6,0.6000510837042984,14,2
doc_002,acik,4,0.8,0.8029482595052179,14,2
doc_002,acik,5,1.0,1.0,14,2
doc_002,orta,0,0.0,0.0,14,2
doc_002,orta,1,0.2,0.20073706487630447,14,2
doc_002,orta,2,0.4,0.4022841713493396,14,2
doc_002,orta,3,0.6,0.6000510837042984,14,2
doc_002,orta,4,0.8,0.8029482595052179,14,2
doc_002,orta,5,1.0,1.0,14,2
doc_002,koyu,0,0.0,0.0,14,2
doc_002,koyu,1,0.2,0.20073706487630447,14,2
doc_002,koyu,2,0.4,0.4022841713493396,14,2
doc_002,koyu,3,0.6,0.6000510837042984,14,2
doc_002,koyu,4,0.8,0.8029482595052179,14,2
doc_002,koyu,5,1.0,1.0,14,2
doc_003,acik,0,0.0,0.0,14,5
doc_003,acik,1,0.2,0.2004008667388949,14,5
doc_003,acik,2,0.4,0.4014084507042254,14,5
doc_003,acik,3,0.6,0.6008486818345973,14,5
doc_003,acik,4,0.8,0.8016034669555796,14,5
doc_003,acik,5,1.0,1.0,14,5
doc_003,orta,0,0.0,0.0,14,5
doc_003,orta,1,0.2,0.2004008667388949,14,5
doc_003,orta,2,0.4,0.4014084507042254,14,5
doc_003,orta,3,0.6,0.6008486818345973,14,5
doc_003,orta,4,0.8,0.8016034669555796,14,5
doc_003,orta,5,1.0,1.0,14,5
doc_003,koyu,0,0.0,0.0,14,5
doc_003,koyu,1,0.2,0.2004008667388949,14,5
doc_003,koyu,2,0.4,0.4014084507042254,14,5
doc_003,koyu,3,0.6,0.6008486818345973,14,5
doc_003,koyu,4,0.8,0.8016034669555796,14,5
doc_003,koyu,5,1.0,1.0,14,5
doc_004,acik,0,0.0,0.0,14,5
doc_004,acik,1,0.2,0.20039946279141843,14,5
doc_004,acik,2,0.4,0.40135679603292124,14,5
doc_004,acik,3,0.6,0.6003994627914184,14,5
doc_004,acik,4,0.8,0.8015978511656737,14,5
doc_004,acik,5,1.0,1.0,14,5
doc_004,orta,0,0.0,0.0,14,5
doc_004,orta,1,0.2,0.20039946279141843,14,5
doc_004,orta,2,0.4,0.40135679603292124,14,5
doc_004,orta,3,0.6,0.6003994627914184,14,5
doc_004,orta,4,0.8,0.8015978511656737,14,5
doc_004,orta,5,1.0,1.0,14,5
doc_004,koyu,0,0.0,0.0,14,5
doc_004,koyu,1,0.2,0.20039946279141843,14,5
doc_004,koyu,2,0.4,0.40135679603292124,14,5
doc_004,koyu,3,0.6,0.6003994627914184,14,5
doc_004,koyu,4,0.8,0.8015978511656737,14,5
doc_004,koyu,5,1.0,1.0,14,5
doc_005,acik,0,0.0,0.0,20,2
doc_005,acik,1,0.2,0.2007770762506071,20,2
doc_005,acik,2,0.4,0.4015905779504614,20,2
doc_005,acik,3,0.6,0.6010199125789218,20,2
doc_005,acik,4,0.8,0.8018212724623603,20,2
doc_005,acik,5,1.0,1.0,20,2
doc_005,orta,0,0.0,0.0,20,2
doc_005,orta,1,0.2,0.2007770762506071,20,2
doc_005,orta,2,0.4,0.4015905779504614,20,2
doc_005,orta,3,0.6,0.6010199125789218,20,2
doc_005,orta,4,0.8,0.8018212724623603,20,2
doc_005,orta,5,1.0,1.0,20,2
doc_005,koyu,0,0.0,0.0,20,2
doc_005,koyu,1,0.2,0.2007770762506071,20,2
doc_005,koyu,2,0.4,0.4015905779504614,20,2
doc_005,koyu,3,0.6,0.6010199125789218,20,2
doc_005,koyu,4,0.8,0.8018212724623603,20,2
doc_005,koyu,5,1.0,1.0,20,2
doc_006,acik,0,0.0,0.0,20,2
doc_006,acik,1,0.2,0.20066239018268023,20,2
doc_006,acik,2,0.4,0.40161762655138755,20,2
doc_006,acik,3,0.6,0.600160368149491,20,2
doc_006,acik,4,0.8,0.8015409287407614,20,2
doc_006,acik,5,1.0,1.0,20,2
doc_006,orta,0,0.0,0.0,20,2
doc_006,orta,1,0.2,0.20066239018268023,20,2
doc_006,orta,2,0.4,0.40161762655138755,20,2
doc_006,orta,3,0.6,0.600160368149491,20,2
doc_006,orta,4,0.8,0.8015409287407614,20,2
doc_006,orta,5,1.0,1.0,20,2
doc_006,koyu,0,0.0,0.0,20,2
doc_006,koyu,1,0.2,0.20066239018268023,20,2
doc_006,koyu,2,0.4,0.40161762655138755,20,2
doc_006,koyu,3,0.6,0.600160368149491,20,2
doc_006,koyu,4,0.8,0.8015409287407614,20,2
doc_006,koyu,5,1.0,1.0,20,2
doc_007,acik,0,0.0,0.0,20,5
doc_007,acik,1,0.2,0.2006161971830986,20,5
doc_007,acik,2,0.4,0.4014084507042254,20,5
doc_007,acik,3,0.6,0.6003521126760564,20,5
doc_007,acik,4,0.8,0.801531690140845,20,5
doc_007,acik,5,1.0,1.0,20,5
doc_007,orta,0,0.0,0.0,20,5
doc_007,orta,1,0.2,0.2006161971830986,20,5
doc_007,orta,2,0.4,0.4014084507042254,20,5
doc_007,orta,3,0.6,0.6003521126760564,20,5
doc_007,orta,4,0.8,0.801531690140845,20,5
doc_007,orta,5,1.0,1.0,20,5
doc_007,koyu,0,0.0,0.0,20,5
doc_007,koyu,1,0.2,0.2006161971830986,20,5
doc_007,koyu,2,0.4,0.4014084507042254,20,5
doc_007,koyu,3,0.6,0.6003521126760564,20,5
doc_007,koyu,4,0.8,0.801531690140845,20,5
doc_007,koyu,5,1.0,1.0,20,5
doc_008,acik,0,0.0,0.0,20,5
doc_008,acik,1,0.2,0.2006161971830986,20,5
doc_008,acik,2,0.4,0.4014084507042254,20,5
doc_008,acik,3,0.6,0.6003521126760564,20,5
doc_008,acik,4,0.8,0.801531690140845,20,5
doc_008,acik,5,1.0,1.0,20,5
doc_008,orta,0,0.0,0.0,20,5
doc_008,orta,1,0.2,0.2006161971830986,20,5
doc_008,orta,2,0.4,0.4014084507042254,20,5
doc_008,orta,3,0.6,0.6003521126760564,20,5
doc_008,orta,4,0.8,0.801531690140845,20,5
doc_008,orta,5,1.0,1.0,20,5
doc_008,koyu,0,0.0,0.0,20,5
doc_008,koyu,1,0.2,0.2006161971830986,20,5
doc_008,koyu,2,0.4,0.4014084507042254,20,5
doc_008,koyu,3,0.6,0.6003521126760564,20,5
doc_008,koyu,4,0.8,0.801531690140845,20,5
doc_008,koyu,5,1.0,1.0,20,5
doc_009,acik,0,0.0,0.0,28,2
doc_009,acik,1,0.2,0.2006161971830986,28,2
doc_009,acik,2,0.4,0.4014084507042254,28,2
doc_009,acik,3,0.6,0.6003521126760564,28,2
doc_009,acik,4,0.8,0.801531690140845,28,2
doc_009,acik,5,1.0,1.0,28,2
doc_009,orta,0,0.0,0.0,28,2
doc_009,orta,1,0.2,0.2006161971830986,28,2
doc_009,orta,2,0.4,0.4007482394366197,28,2
doc_009,orta,3,0.6,0.6003521126760564,28,2
doc_009,orta,4,0.8,0.801531690140845,28,2
doc_009,orta,5,1.0,1.0,28,2
doc_009,koyu,0,0.0,0.0,28,2
doc_009,koyu,1,0.2,0.2006161971830986,28,2
doc_009,koyu,2,0.4,0.4014084507042254,28,2
doc_009,koyu,3,0.6,0.6003521126760564,28,2
doc_009,koyu,4,0.8,0.801531690140845,28,2
doc_009,koyu,5,1.0,1.0,28,2
doc_010,acik,0,0.0,0.0,28,2
doc_010,acik,1,0.2,0.2006161971830986,28,2
doc_010,acik,2,0.4,0.4014084507042254,28,2
doc_010,acik,3,0.6,0.6003521126760564,28,2
doc_010,acik,4,0.8,0.801531690140845,28,2
doc_010,acik,5,1.0,1.0,28,2
doc_010,orta,0,0.0,0.0,28,2
doc_010,orta,1,0.2,0.2006161971830986,28,2
doc_010,orta,2,0.4,0.4014084507042254,28,2
doc_010,orta,3,0.6,0.6003521126760564,28,2
doc_010,orta,4,0.8,0.801531690140845,28,2
doc_010,orta,5,1.0,1.0,28,2
doc_010,koyu,0,0.0,0.0,28,2
doc_010,koyu,1,0.2,0.2006161971830986,28,2
doc_010,koyu,2,0.4,0.4014084507042254,28,2
doc_010,koyu,3,0.6,0.6003521126760564,28,2
doc_010,koyu,4,0.8,0.801531690140845,28,2
doc_010,koyu,5,1.0,1.0,28,2
doc_011,acik,0,0.0,0.0,28,5
doc_011,acik,1,0.2,0.19998532863849766,28,5
doc_011,acik,2,0.4,0.4014084507042254,28,5
doc_011,acik,3,0.6,0.6003521126760564,28,5
doc_011,acik,4,0.8,0.801531690140845,28,5
doc_011,acik,5,1.0,1.0,28,5
doc_011,orta,0,0.0,0.0,28,5
doc_011,orta,1,0.2,0.2006161971830986,28,5
doc_011,orta,2,0.4,0.4014084507042254,28,5
doc_011,orta,3,0.6,0.6003521126760564,28,5
doc_011,orta,4,0.8,0.801531690140845,28,5
doc_011,orta,5,1.0,1.0,28,5
doc_011,koyu,0,0.0,0.0,28,5
doc_011,koyu,1,0.2,0.2006161971830986,28,5
doc_011,koyu,2,0.4,0.4014084507042254,28,5
doc_011,koyu,3,0.6,0.6003521126760564,28,5
doc_011,koyu,4,0.8,0.801531690140845,28,5
doc_011,koyu,5,1.0,1.0,28,5
doc_012,acik,0,0.0,0.0,28,5
doc_012,acik,1,0.2,0.2006161971830986,28,5
doc_012,acik,2,0.4,0.4014084507042254,28,5
doc_012,acik,3,0.6,0.6003521126760564,28,5
doc_012,acik,4,0.8,0.8002714201877934,28,5
doc_012,acik,5,1.0,1.0,28,5
doc_012,orta,0,0.0,0.0,28,5
doc_012,orta,1,0.2,0.2006161971830986,28,5
doc_012,orta,2,0.4,0.4014084507042254,28,5
doc_012,orta,3,0.6,0.6003521126760564,28,5
doc_012,orta,4,0.8,0.801531690140845,28,5
doc_012,orta,5,1.0,1.0,28,5
doc_012,koyu,0,0.0,0.0,28,5
doc_012,koyu,1,0.2,0.2006161971830986,28,5
doc_012,koyu,2,0.4,0.4014084507042254,28,5
doc_012,koyu,3,0.6,0.6003521126760564,28,5
doc_012,koyu,4,0.8,0.801531690140845,28,5
doc_012,koyu,5,1.0,1.0,28,5
