doc_id,ground_truth_angle,hough_estimate,hough_abs_error,hough_failed,projection_estimate,projection_abs_error,font_size,num_paragraphs,angle_bucket
doc_001,12,11.0,1.0,False,12.0,0.0,14,2,büyük (12°)
doc_001,8,6.5,1.5,False,-15.0,23.0,14,2,orta (5-8°)
doc_001,5,3.4999923706054688,1.5000076293945312,False,-15.0,20.0,14,2,orta (5-8°)
doc_001,2,0.5,1.5,False,-15.0,17.0,14,2,küçük (1-2°)
doc_001,1,0.0,1.0,False,-15.0,16.0,14,2,küçük (1-2°)
doc_001,0,-0.5,0.5,False,-15.0,15.0,14,2,0 (referans)
doc_001,-1,-2.5000076293945312,1.5000076293945312,False,-15.0,14.0,14,2,küçük (1-2°)
doc_001,-2,-3.0000076293945312,1.0000076293945312,False,-15.0,13.0,14,2,küçük (1-2°)
doc_001,-5,-5.500007629394531,0.5000076293945312,False,-15.0,10.0,14,2,orta (5-8°)
doc_001,-8,-9.000007629394531,1.0000076293945312,False,-15.0,7.0,14,2,orta (5-8°)
doc_001,-12,-13.0,1.0,False,-12.0,0.0,14,2,büyük (12°)
doc_002,12,7.5,4.5,False,12.0,0.0,14,2,büyük (12°)
doc_002,8,4.749992370605469,3.2500076293945312,False,8.0,0.0,14,2,orta (5-8°)
doc_002,5,1.9999923706054688,3.0000076293945312,False,-15.0,20.0,14,2,orta (5-8°)
doc_002,2,0.0,2.0,False,-15.0,17.0,14,2,küçük (1-2°)
doc_002,1,-1.0,2.0,False,-15.0,16.0,14,2,küçük (1-2°)
doc_002,0,-1.0,1.0,False,-15.0,15.0,14,2,0 (referans)
doc_002,-1,-1.5000076293945312,0.5000076293945312,False,-15.0,14.0,14,2,küçük (1-2°)
doc_002,-2,-2.0000076293945312,7.62939453125e-06,False,-15.0,13.0,14,2,küçük (1-2°)
doc_002,-5,-5.000007629394531,7.62939453125e-06,False,-15.0,10.0,14,2,orta (5-8°)
doc_002,-8,-8.0,0.0,False,-8.0,0.0,14,2,orta (5-8°)
doc_002,-12,-11.5,0.5,False,-12.0,0.0,14,2,büyük (12°)
doc_003,12,4.999992370605469,7.000007629394531,False,12.0,0.0,14,5,büyük (12°)
doc_003,8,3.4999923706054688,4.500007629394531,False,8.0,0.0,14,5,orta (5-8°)
doc_003,5,1.4999923706054688,3.5000076293945312,False,5.0,0.0,14,5,orta (5-8°)
doc_003,2,0.9999923706054688,1.0000076293945312,False,2.0,0.0,14,5,küçük (1-2°)
doc_003,1,0.5,0.5,False,1.0,0.0,14,5,küçük (1-2°)
doc_003,0,0.0,0.0,False,0.0,0.0,14,5,0 (referans)
doc_003,-1,-0.5,0.5,False,-1.0,0.0,14,5,küçük (1-2°)
doc_003,-2,-0.5,1.5,False,-2.0,0.0,14,5,küçük (1-2°)
doc_003,-5,-0.5,4.5,False,-5.0,0.0,14,5,orta (5-8°)
doc_003,-8,-0.5,7.5,False,-8.0,0.0,14,5,orta (5-8°)
doc_003,-12,2.5,14.5,False,-12.0,0.0,14,5,büyük (12°)
doc_004,12,3.0,9.0,False,12.0,0.0,14,5,büyük (12°)
doc_004,8,2.5,5.5,False,8.0,0.0,14,5,orta (5-8°)
doc_004,5,0.9999923706054688,4.000007629394531,False,5.0,0.0,14,5,orta (5-8°)
doc_004,2,-0.5,2.5,False,2.0,0.0,14,5,küçük (1-2°)
doc_004,1,-1.0,2.0,False,1.0,0.0,14,5,küçük (1-2°)
doc_004,0,-1.0,1.0,False,0.0,0.0,14,5,0 (referans)
doc_004,-1,-1.0,0.0,False,-1.0,0.0,14,5,küçük (1-2°)
doc_004,-2,-2.0000076293945312,7.62939453125e-06,False,-2.0,0.0,14,5,küçük (1-2°)
doc_004,-5,-3.0000076293945312,1.9999923706054688,False,-5.0,0.0,14,5,orta (5-8°)
doc_004,-8,-4.5,3.5,False,-8.0,0.0,14,5,orta (5-8°)
doc_004,-12,-6.500007629394531,5.499992370605469,False,-12.0,0.0,14,5,büyük (12°)
doc_005,12,11.999992370605469,7.62939453125e-06,False,12.0,0.0,20,2,büyük (12°)
doc_005,8,7.999992370605469,7.62939453125e-06,False,8.0,0.0,20,2,orta (5-8°)
doc_005,5,4.999992370605469,7.62939453125e-06,False,5.0,0.0,20,2,orta (5-8°)
doc_005,2,1.9999923706054688,7.62939453125e-06,False,2.0,0.0,20,2,küçük (1-2°)
doc_005,1,0.9999923706054688,7.62939453125e-06,False,1.0,0.0,20,2,küçük (1-2°)
doc_005,0,0.0,0.0,False,0.0,0.0,20,2,0 (referans)
doc_005,-1,-1.0,0.0,False,-1.0,0.0,20,2,küçük (1-2°)
doc_005,-2,-2.0000076293945312,7.62939453125e-06,False,-2.0,0.0,20,2,küçük (1-2°)
doc_005,-5,-5.000007629394531,7.62939453125e-06,False,-5.0,0.0,20,2,orta (5-8°)
doc_005,-8,-8.0,0.0,False,-8.0,0.0,20,2,orta (5-8°)
doc_005,-12,-12.0,0.0,False,-12.0,0.0,20,2,büyük (12°)
doc_006,12,11.999992370605469,7.62939453125e-06,False,12.0,0.0,20,2,büyük (12°)
doc_006,8,7.999992370605469,7.62939453125e-06,False,8.0,0.0,20,2,orta (5-8°)
doc_006,5,4.999992370605469,7.62939453125e-06,False,5.0,0.0,20,2,orta (5-8°)
doc_006,2,1.9999923706054688,7.62939453125e-06,False,2.0,0.0,20,2,küçük (1-2°)
doc_006,1,0.9999923706054688,7.62939453125e-06,False,1.0,0.0,20,2,küçük (1-2°)
doc_006,0,0.0,0.0,False,0.0,0.0,20,2,0 (referans)
doc_006,-1,-1.0,0.0,False,-1.0,0.0,20,2,küçük (1-2°)
doc_006,-2,-2.0000076293945312,7.62939453125e-06,False,-2.0,0.0,20,2,küçük (1-2°)
doc_006,-5,-5.000007629394531,7.62939453125e-06,False,-5.0,0.0,20,2,orta (5-8°)
doc_006,-8,-8.0,0.0,False,-8.0,0.0,20,2,orta (5-8°)
doc_006,-12,-12.0,0.0,False,-12.0,0.0,20,2,büyük (12°)
doc_007,12,11.999992370605469,7.62939453125e-06,False,12.0,0.0,20,5,büyük (12°)
doc_007,8,7.999992370605469,7.62939453125e-06,False,8.0,0.0,20,5,orta (5-8°)
doc_007,5,4.999992370605469,7.62939453125e-06,False,5.0,0.0,20,5,orta (5-8°)
doc_007,2,1.9999923706054688,7.62939453125e-06,False,2.0,0.0,20,5,küçük (1-2°)
doc_007,1,0.9999923706054688,7.62939453125e-06,False,1.0,0.0,20,5,küçük (1-2°)
doc_007,0,0.0,0.0,False,0.0,0.0,20,5,0 (referans)
doc_007,-1,-1.0,0.0,False,-1.0,0.0,20,5,küçük (1-2°)
doc_007,-2,-2.0000076293945312,7.62939453125e-06,False,-2.0,0.0,20,5,küçük (1-2°)
doc_007,-5,-5.000007629394531,7.62939453125e-06,False,-5.0,0.0,20,5,orta (5-8°)
doc_007,-8,-8.0,0.0,False,-8.0,0.0,20,5,orta (5-8°)
doc_007,-12,-12.0,0.0,False,-12.0,0.0,20,5,büyük (12°)
doc_008,12,11.999992370605469,7.62939453125e-06,False,12.0,0.0,20,5,büyük (12°)
doc_008,8,7.999992370605469,7.62939453125e-06,False,8.0,0.0,20,5,orta (5-8°)
doc_008,5,4.999992370605469,7.62939453125e-06,False,5.0,0.0,20,5,orta (5-8°)
doc_008,2,1.9999923706054688,7.62939453125e-06,False,2.0,0.0,20,5,küçük (1-2°)
doc_008,1,0.9999923706054688,7.62939453125e-06,False,1.0,0.0,20,5,küçük (1-2°)
doc_008,0,0.0,0.0,False,0.0,0.0,20,5,0 (referans)
doc_008,-1,-1.0,0.0,False,-1.0,0.0,20,5,küçük (1-2°)
doc_008,-2,-2.0000076293945312,7.62939453125e-06,False,-2.0,0.0,20,5,küçük (1-2°)
doc_008,-5,-5.000007629394531,7.62939453125e-06,False,-5.0,0.0,20,5,orta (5-8°)
doc_008,-8,-8.0,0.0,False,-8.0,0.0,20,5,orta (5-8°)
doc_008,-12,-12.0,0.0,False,-12.0,0.0,20,5,büyük (12°)
doc_009,12,11.999992370605469,7.62939453125e-06,False,12.0,0.0,28,2,büyük (12°)
doc_009,8,7.999992370605469,7.62939453125e-06,False,8.0,0.0,28,2,orta (5-8°)
doc_009,5,4.999992370605469,7.62939453125e-06,False,5.0,0.0,28,2,orta (5-8°)
doc_009,2,1.9999923706054688,7.62939453125e-06,False,2.0,0.0,28,2,küçük (1-2°)
doc_009,1,0.9999923706054688,7.62939453125e-06,False,1.0,0.0,28,2,küçük (1-2°)
doc_009,0,0.0,0.0,False,0.0,0.0,28,2,0 (referans)
doc_009,-1,-1.0,0.0,False,-1.0,0.0,28,2,küçük (1-2°)
doc_009,-2,-2.0000076293945312,7.62939453125e-06,False,-2.0,0.0,28,2,küçük (1-2°)
doc_009,-5,-5.000007629394531,7.62939453125e-06,False,-5.0,0.0,28,2,orta (5-8°)
doc_009,-8,-8.0,0.0,False,-8.0,0.0,28,2,orta (5-8°)
doc_009,-12,-12.0,0.0,False,-12.0,0.0,28,2,büyük (12°)
doc_010,12,11.999992370605469,7.62939453125e-06,False,12.0,0.0,28,2,büyük (12°)
doc_010,8,7.999992370605469,7.62939453125e-06,False,8.0,0.0,28,2,orta (5-8°)
doc_010,5,4.999992370605469,7.62939453125e-06,False,5.0,0.0,28,2,orta (5-8°)
doc_010,2,1.9999923706054688,7.62939453125e-06,False,2.0,0.0,28,2,küçük (1-2°)
doc_010,1,0.9999923706054688,7.62939453125e-06,False,1.0,0.0,28,2,küçük (1-2°)
doc_010,0,0.0,0.0,False,0.0,0.0,28,2,0 (referans)
doc_010,-1,-1.0,0.0,False,-1.0,0.0,28,2,küçük (1-2°)
doc_010,-2,-2.0000076293945312,7.62939453125e-06,False,-2.0,0.0,28,2,küçük (1-2°)
doc_010,-5,-5.000007629394531,7.62939453125e-06,False,-5.0,0.0,28,2,orta (5-8°)
doc_010,-8,-8.0,0.0,False,-8.0,0.0,28,2,orta (5-8°)
doc_010,-12,-12.0,0.0,False,-12.0,0.0,28,2,büyük (12°)
doc_011,12,11.999992370605469,7.62939453125e-06,False,12.0,0.0,28,5,büyük (12°)
doc_011,8,7.999992370605469,7.62939453125e-06,False,8.0,0.0,28,5,orta (5-8°)
doc_011,5,4.999992370605469,7.62939453125e-06,False,5.0,0.0,28,5,orta (5-8°)
doc_011,2,1.9999923706054688,7.62939453125e-06,False,2.0,0.0,28,5,küçük (1-2°)
doc_011,1,0.9999923706054688,7.62939453125e-06,False,1.0,0.0,28,5,küçük (1-2°)
doc_011,0,0.0,0.0,False,0.0,0.0,28,5,0 (referans)
doc_011,-1,-1.0,0.0,False,-1.0,0.0,28,5,küçük (1-2°)
doc_011,-2,-2.0000076293945312,7.62939453125e-06,False,-2.0,0.0,28,5,küçük (1-2°)
doc_011,-5,-5.000007629394531,7.62939453125e-06,False,-5.0,0.0,28,5,orta (5-8°)
doc_011,-8,-8.0,0.0,False,-8.0,0.0,28,5,orta (5-8°)
doc_011,-12,-12.0,0.0,False,-12.0,0.0,28,5,büyük (12°)
doc_012,12,11.999992370605469,7.62939453125e-06,False,12.0,0.0,28,5,büyük (12°)
doc_012,8,7.999992370605469,7.62939453125e-06,False,8.0,0.0,28,5,orta (5-8°)
doc_012,5,4.999992370605469,7.62939453125e-06,False,5.0,0.0,28,5,orta (5-8°)
doc_012,2,1.9999923706054688,7.62939453125e-06,False,2.0,0.0,28,5,küçük (1-2°)
doc_012,1,0.9999923706054688,7.62939453125e-06,False,1.0,0.0,28,5,küçük (1-2°)
doc_012,0,0.0,0.0,False,0.0,0.0,28,5,0 (referans)
doc_012,-1,-1.0,0.0,False,-1.0,0.0,28,5,küçük (1-2°)
doc_012,-2,-2.0000076293945312,7.62939453125e-06,False,-2.0,0.0,28,5,küçük (1-2°)
doc_012,-5,-5.000007629394531,7.62939453125e-06,False,-5.0,0.0,28,5,orta (5-8°)
doc_012,-8,-8.0,0.0,False,-8.0,0.0,28,5,orta (5-8°)
doc_012,-12,-12.0,0.0,False,-12.0,0.0,28,5,büyük (12°)
